"['Mini Hidden Spy Camera Wireless Wifi IP Home Security HD 1080P DVR Night Vision', 'New', 'US $23.99', 'FREE', '30 day\xa0returns.\xa0Buyer pays for return shipping', 'No Delivery Showing', 'No Rating Showing']"
"['HD 1080P Digital Video Camera Camcorder YouTube Vlogging Recorder W/Microphone', 'New', 'US $116.65', 'FREE', 'Free 30 day returns', 'Thu. Feb. 11', 'No Rating Showing']"
"['Digital SLR Camera 2.4 Inch TFT LCD Screen Full HD 1080P 16X Zoom Anti-shake USA', 'New', 'US $38.49', 'FREE', '30 day\xa0returns.\xa0Buyer pays for return shipping', 'No Delivery Showing', 'No Rating Showing']"
"['Sony DSC-H300/BM 20.1MP High Zoom Point and Shoot Camera 35x Zoom Black', 'Seller refurbished', 'Was:\n\t\t\t\t\t\t\t$309.00', 'FREE', 'Free 30 day returns', 'Thu. Feb. 11', '4.6']"
"['Canon EOS 2000D / Rebel T7 SLR Camera + 3 Lens Kit 18-55mm + 16GB + Flash & More', 'New', 'Was:\n\t\t\t\t\t\t\t$579.95', 'FREE', 'Free 30 day returns', 'Thu. Feb. 11', '4.9']"
"['ZOSI 8CH 5MP Lite DVR 1080P Outdoor CCTV Security Camera System Kit Night Vision', 'New', 'US $199.99', 'FREE', 'Free 30 day returns', 'No Delivery Showing', 'No Rating Showing']"
"['Digital SLR Camera 3.0 Inch TFT LCD Screen 16X Zoom HD 16MP 1080P  Anti-shake', 'New', 'US $38.99/ea', 'FREE', 'Free 30 day returns', 'No Delivery Showing', 'No Rating Showing']"
"['Canon EOS Rebel T7 24.1 MP Digital SLR Camera - Black (Kit with 18-55 Lens)', 'New', 'US $368.00', 'No Shipping Showing', 'Seller does not accept returns', 'No Delivery Showing', '4.7']"
"['Nikon Nikkor D90 DSLR Digital Camera Body ONLY 24K SHUTTER COUNT', 'Used', 'US $199.00', 'FREE', 'Free 30 day returns', 'No Delivery Showing', 'No Rating Showing']"
"['Canon EOS M50 Camera Body Black + 3 Lens Kit 15-45mm IS STM+ 32GB + Flash & More', 'New', 'US $699.95', 'FREE', 'Free 30 day returns', 'Thu. Feb. 11', '4.9']"
"['Sony Alpha A6300 24.2MP Mirrorless Digital Camera - Black (Kit w/ 16-50mm Lens)', 'Used', 'US $600.00', 'FREE', 'Seller does not accept returns', 'No Delivery Showing', '4.8']"
"['Nikon Nikkor D7000 16.2 MP Digital SLR Camera Body Only LOW SHUTTER COUNT', 'Used', 'US $309.00', 'FREE', 'Free 30 day returns', 'No Delivery Showing', 'No Rating Showing']"
"['Nikon D D3200 24.2MP Digital SLR Camera Black Body Only LOW SHUTTER COUNT', 'Used', 'US $229.00', 'FREE', 'Free 30 day returns', 'No Delivery Showing', 'No Rating Showing']"
"['Nikon D3300 24.2MP Digital SLR Camera BLACK Body ONLY 22K SHUTTER COUNT ', 'Used', 'US $249.00', 'FREE', 'Free 30 day returns', 'No Delivery Showing', '4.8']"
"['Solar Powered IP Camera 1080p WiFi Ip67 Night Vision Security 32gb Card Wireless', 'New', 'US $58.98/ea', 'FREE', 'Free 30 day returns', 'No Delivery Showing', 'No Rating Showing']"
"['SANNCE Full 1080P 8CH NVR Wireless 2MP Security IP Camera System IR Night Vision', 'New', 'US $159.99', 'FREE', 'Free 30 day returns', 'No Delivery Showing', 'No Rating Showing']"
"['YI 4pc Home Camera, 1080p Wireless IP Security Surveillance System, Night Vision', 'Seller refurbished', 'US $65.99/ea', 'FREE', '30 day\xa0returns.\xa0Buyer pays for return shipping', 'No Delivery Showing', '4.6']"
"['HD 1080p WiFi IP Wireless Home Indoor 360° PTZ Zoom Security Camera CCTV Webcam', 'New', 'US $24.79/ea', 'FREE', '60 day\xa0returns.\xa0Buyer pays for return shipping', 'Thu. Feb. 11', '3.7']"
"['Nikon D500 DSLR Camera Body - Black', 'Used', 'US $900.00', '$15.50', 'Seller does not accept returns', 'No Delivery Showing', '5.0']"
"['Sony Alpha A5100 24.3MP Digital Camera - Black (Kit with 16-50mm Power Zoom...', 'Used', 'US $299.00', '$7.95', 'Seller does not accept returns', 'No Delivery Showing', '4.7']"
"['Cannon Powershot SX40 HS Camera - Full HD ', 'Used', 'US $150.00', 'FREE', '30 day\xa0returns.\xa0Buyer pays for return shipping', 'No Delivery Showing', 'No Rating Showing']"
"['Blink Outdoor (3rd Gen) Add-On Home Security Camera | HD Video work with XT1 XT2', 'Open box', 'US $79.00/ea', 'FREE', '30 day\xa0returns.\xa0Buyer pays for return shipping', 'No Delivery Showing', '4.9']"
"['Nikon D3400 DSLR Camera With 18-55mm Lens (black) (certified )', 'Open box', 'US $299.00', 'No Shipping Showing', 'Seller does not accept returns', 'No Delivery Showing', '4.8']"
"['Canon EOS M50 24.1MP Mirrorless Digital Camera with 15-45mm STM Lens - Black', 'Used', 'US $500.00', 'No Shipping Showing', 'Seller does not accept returns', 'No Delivery Showing', '4.9']"
"['Canon EOS 80D DSLR Camera Body (Black)', 'Used', 'US $620.00', 'No Shipping Showing', 'Seller does not accept returns', 'No Delivery Showing', 'No Rating Showing']"
"['Nikon D3400 DSLR Camera With 18-55mm Lens (black) (certified )', 'Open box', 'US $455.00', 'FREE', 'Seller does not accept returns', 'No Delivery Showing', '4.8']"
"['Sony Alpha NEX-5 14.2MP Digital Camera BLACK Body ONLY 12K SHUTTER COUNT', 'Used', 'US $119.00', 'FREE', 'Free 30 day returns', 'No Delivery Showing', 'No Rating Showing']"
"['Olympus OM-D E-M5 16.1 MP Digital Camera BLACK Body ONLY 8k SHUTTER COUNT', 'Used', 'US $199.00', 'FREE', 'Free 30 day returns', 'No Delivery Showing', 'No Rating Showing']"
"['Blink Outdoor/Indoor Smart Security Camera with cloud storage 3-Cameras Kit', 'New', 'US $218.99/ea', 'FREE', 'Free 30 day returns', 'Thu. Feb. 11', '4.7']"
"['Nikon Coolpix L330 Digital Camera 20.2MP 26x Optical Zoom 4.0-104mm - Great Cond', 'Used', 'US $79.99', 'No Shipping Showing', 'Seller does not accept returns', 'No Delivery Showing', 'No Rating Showing']"
"['Sony Alpha 7R III 42.4 MP Digital Camera - Black ', 'New', 'US $1,399.99', '$7.50', '14 day\xa0returns.\xa0Buyer pays for return shipping', 'No Delivery Showing', '4.9']"
"['Nikon Nikkor D90 DSLR Digital Camera Body ONLY 24K SHUTTER COUNT', 'Used', 'US $209.00', 'FREE', 'Free 30 day returns', 'No Delivery Showing', 'No Rating Showing']"
"['Canon PowerShot ELPH135 16MP Digital Camera - 8X optical zoom ', 'Used', 'US $35.00', '$8.00', 'Seller does not accept returns', 'No Delivery Showing', '4.9']"
"['canon eos rebel t6 dslr camera with 18-55mm lens', 'Used', 'US $265.00', '$10.00', '30 day\xa0returns.\xa0Buyer pays for return shipping', 'No Delivery Showing', 'No Rating Showing']"
"['Canon EOS Rebel T5 DSLR Camera With 18-55mm Lens', 'Used', 'US $140.00', 'No Shipping Showing', 'Seller does not accept returns', 'No Delivery Showing', '4.9']"
"['Blink Outdoor Wireless Security Camera 1080p with 2 Year Battery - 2 Camera Kit', 'New', 'Was:\n\t\t\t\t\t\t\t$179.99', 'FREE', 'Free 30 day returns', 'Thu. Feb. 11', '4.9']"
"['canon s120 camera', 'Used', 'US $19.99', '$8.45', 'Seller does not accept returns', 'No Delivery Showing', 'No Rating Showing']"
"['MINT Olympus OM-D E-M5 16.1 MP Digital Camera BLACK Body ONLY 524 SHUTTER COUNT', 'Used', 'US $249.00', 'FREE', 'Free 30 day returns', 'No Delivery Showing', 'No Rating Showing']"
"['XVIM 8CH 1080P HDMI DVR Outdoor Night Vision 1920TVL CCTV Security Camera System', 'New', 'US $149.99/ea', 'FREE', 'Free 60 day returns', 'No Delivery Showing', '4.5']"
"['1080P HD Mini Hidden Spy Camera Wireless Wifi Ip Camera Night Vision + 32GB SD', 'New', 'US $29.99/ea', 'FREE', 'Free 30 day returns', 'No Delivery Showing', 'No Rating Showing']"
"['Sony Cyber-shot DSC-W800 20.1MP Digital Camera 5x Optical Zoom Black + 16GB Kit', 'New', 'US $117.95', 'FREE', 'Free 30 day returns', 'Thu. Feb. 11', '4.8']"
"['Black Canon EOS Rebel SL1 18.0MP Digital SLR Camera - (Kit with 18-55mm STM Lens', 'Seller refurbished', 'US $195.95', '$14.95', 'Seller does not accept returns', 'No Delivery Showing', '4.8']"
"['Nikon D700 Full Frame (FX) DSLR Camera Body - US Model - 19,892 Low Count', 'Used', 'US $499.00', 'No Shipping Showing', 'Free 30 day returns', 'No Delivery Showing', '4.9']"
"['Panasonic LUMIX FZ80 4K 60X 20-1200mm Zoom Bird Wildlife Camera WiFi USA Version', 'Open box', 'US $279.99/ea', 'FREE', 'Free 30 day returns', 'No Delivery Showing', '4.7']"
"['Mini Hidden Spy Camera Wireless Wifi IP Home Security HD 1080P DVR Night Vision', 'New', 'US $19.99/ea', 'FREE', 'Free 30 day returns', 'No Delivery Showing', 'No Rating Showing']"
"['Canon PowerShot G7 X Mark II 20.1 MP Digital Camera - Black - w/BATTERY', 'Used', 'US $224.00', 'No Shipping Showing', 'Seller does not accept returns', 'No Delivery Showing', '4.7']"
"['Blink Outdoor (3rd Generation) Wireless Security Camera System - 1 Camera kit', 'New', 'US $95.00', 'FREE', 'Free 30 day returns', 'Thu. Feb. 11', '4.4']"
"['Sony Alpha NEX-3 14.2 MP Digital Camera Black Body ONLY 12K SHUTTER COUNT', 'Used', 'US $99.00', 'FREE', 'Free 30 day returns', 'No Delivery Showing', '4.6']"
"['ZOSI h.265+ 4CH 5mp Lite DVR Outdoor Home CCTV 1080p Security Camera System', 'New', 'US $107.99', 'FREE', '60 day\xa0returns.\xa0Buyer pays for return shipping', 'No Delivery Showing', '5.0']"
"['Canon EOS 2000D / Rebel T7 DSLR Camera + 18-55mm Lens+ 30 Piece Accessory Bundle', 'New', 'Was:\n\t\t\t\t\t\t\t$654.99', 'FREE', 'Free 30 day returns', 'Thu. Feb. 11', '4.7']"
"['Nikon D5600 DSLR Digital SLR Camera with 35mm Lens - Black', 'Used', 'US $0.99', '$20.00', 'Seller does not accept returns', 'No Delivery Showing', 'No Rating Showing']"
"['MINT Canon EOS Rebel T6 18MP Digital SLR Camera Body ONLY 667 SHUTTER COUNT', 'Used', 'US $299.00', 'FREE', 'Free 30 day returns', 'No Delivery Showing', 'No Rating Showing']"
"['Nikon Coolpix A1000 16MP 35x Optical Zoom 4K Compact Digital Camera', 'Seller refurbished', 'Was:\n\t\t\t\t\t\t\t$479.95', 'FREE', 'Free 30 day returns', 'Thu. Feb. 11', '4.5']"
"['Canon EOS R5 45.0MP Mirrorless Camera - PLUS ACCESSORIES', 'Seller refurbished', 'US $4,650.00', '$8.00', 'Seller does not accept returns', 'No Delivery Showing', '5.0']"
"['nikon d3400 camera', 'Used', 'US $350.00', 'No Shipping Showing', '14 day\xa0returns.\xa0Buyer pays for return shipping', 'No Delivery Showing', 'No Rating Showing']"
"['EX! Nikon D7200 24.2 MP Digital SLR Camera Body Only', 'Used', 'US $595.00', '$16.00', 'Seller does not accept returns', 'No Delivery Showing', '5.0']"
"['PENTAX Q 12.4 MP Digital Camera - White (Kit w/ 8.5mm Lens) with JJC lens hood', 'Used', 'US $190.00', 'No Shipping Showing', 'Seller does not accept returns', 'No Delivery Showing', 'No Rating Showing']"
"['GoPro Hero6 12 MP Action Camera - Black', 'Used', 'US $100.00', 'No Shipping Showing', 'Seller does not accept returns', 'No Delivery Showing', '5.0']"
"['Canon PowerShot G7 X Mark II Digital Camera', 'Used', 'US $375.00', '$15.00', 'Seller does not accept returns', 'No Delivery Showing', '4.6']"
"['FUJIFILM X100T DIGITAL CAMERA | 16440616 | 16.3MP | SILVER', 'Used', 'US $449.99', 'No Shipping Showing', 'Free 30 day returns', 'No Delivery Showing', '5.0']"
"['Canon Powershot Elph135 16.0MP Digital Camera Silver - Mint +Case+Accessories\xa0\xa0', 'Used', 'US $48.00', '$9.00', 'Seller does not accept returns', 'No Delivery Showing', '4.9']"
"['Mini USB IP Camera Wireless WiFi IP Security Camcorder HD1080P Hidden Cam Indoor', 'New', 'US $24.88/ea', 'FREE', 'Free 30 day returns', 'No Delivery Showing', 'No Rating Showing']"
"['Outdoor Solar Wireless WiFi Security IP Camera 1080P HD Waterproof Night Vision', 'New', 'US $52.99/ea', 'FREE', 'Free 30 day returns', 'No Delivery Showing', 'No Rating Showing']"
